{
    "main_thread": {
        "mismatch_action": "kill_process",
        "match_action": "allow",
        "filter": [
            {
                "syscall": "rt_sigreturn"
            },
            {
                "syscall": "statx"
            },
            {
                "syscall": "getrandom"
            },
            {
                "syscall": "close"
            },
            {
                "syscall": "read"
            },
            {
                "syscall": "write"
            },
            {
                "syscall": "lseek"
            },
            {
                "syscall": "ioctl"
            },
            {
                "syscall": "openat"
            },
            {
                "syscall": "mprotect"
            },
            {
                "syscall": "mmap"
            },
            {
                "syscall": "munmap"
            },
            {
                "syscall": "mremap"
            },
            {
                "syscall": "msync"
            },
            {
                "syscall": "nanosleep"
            },
            {
                "syscall": "clock_nanosleep"
            },
            {
                "syscall": "sigaltstack"
            },
            {
                "syscall": "exit"
            },
            {
                "syscall": "exit_group"
            },
            {
                "syscall": "brk"
            }
        ]
    }
}